{"cameraMode":{"drawMode":0,"name":"Shaded","section":"Shading Mode"},"sceneLighting":false,"audioPlay":false,"sceneViewState":{"m_AlwaysRefresh":false,"showFog":true,"showSkybox":false,"showFlares":true,"showImageEffects":true,"showParticleSystems":true,"showVisualEffectGraphs":true,"m_FxEnabled":true},"in2DMode":false,"pivot":{"x":-77.71503448486328,"y":2.0000038146972658,"z":24.47321319580078},"rotation":{"x":-0.11255058646202088,"y":-0.018782053142786027,"z":0.002127930521965027,"w":-0.9934677481651306},"size":3.7416577339172365,"orthographic":false}