{"cameraMode":{"drawMode":0,"name":"Shaded","section":"Shading Mode"},"sceneLighting":false,"audioPlay":false,"sceneViewState":{"m_AlwaysRefresh":false,"showFog":true,"showSkybox":false,"showFlares":true,"showImageEffects":true,"showParticleSystems":true,"showVisualEffectGraphs":true,"m_FxEnabled":true},"in2DMode":false,"pivot":{"x":5.400484561920166,"y":20.404438018798829,"z":-0.16315484046936036},"rotation":{"x":0.03897026181221008,"y":0.03446930646896362,"z":-0.0013156039640307427,"w":0.9986587762832642},"size":1.8708287477493287,"orthographic":false}